x0,x1,x2,x3,x4,x5,x6,x7,x8,x9,x10,x11,x12,x13,x14,x15,x16,x17,x18,x19,x20,x21,x22,x23,x24,x25,x26,x27,x28,x29,x30,x31,x32,x33,x34,x35,x36,x37,x38,x39,x40,x41,x42,x43,x44,x45,x46,x47,x48,x49,y
0.1257302211,-0.1321048633,0.6404226504,0.1049001172,-0.5356693732,0.3615950549,1.304000045,0.9470809631,-0.7037352358,-1.265421471,-0.6232744625,0.04132597935,-2.325030775,-0.2187916639,-1.245910947,-0.7322673547,-0.5442589829,-0.3163001564,0.4116305364,1.042513369,-0.1285346629,1.366463471,-0.6651946735,0.3515100701,0.9034701817,0.09401229776,-0.7434992494,-0.9217253763,-0.4577258257,0.2201951235,-1.009618184,-0.2091755749,-0.1592250099,0.5408455847,0.2146591225,0.355372709,-0.6538286094,-0.1296136337,0.7839754701,1.493431145,-1.259065532,1.513923775,1.345875424,0.7813114007,0.2644556303,-0.3139228145,1.458020684,1.960258316,1.80163487,1.315103765,0.558383915
0.3573804107,-1.208318632,-0.00445413312,0.6564749351,-1.288361464,0.3951220602,0.4298636948,0.696042724,-1.184117967,-0.661702572,-0.4364352471,-1.169801908,1.739367877,-0.4959107284,0.3289696295,-0.2585725455,1.583472879,1.320360987,0.6333526228,-2.203509881,0.05202897426,0.6836861908,1.003961576,-0.6179070447,1.822011363,-1.32043097,-0.6615280218,0.9350499881,0.04905461383,2.002392584,0.1885191925,-0.6331940902,-0.3775635052,-1.091146118,-1.277680166,0.6304114908,0.5811658124,1.294558819,-0.7546057913,1.689107452,-0.2873877078,1.574408279,-0.4327858472,-0.7354832923,0.2497853716,1.031453085,0.1610095767,-0.5855288241,-1.341219714,-1.401520215,-0.9056531442
0.5026828499,0.9897130333,-0.1642945926,-1.074364858,0.8730421526,-1.280393945,-0.7130680951,0.6210178535,-2.250141174,0.3863695976,-0.5816408364,0.1092796975,-0.07570152622,0.202114395,0.6941719367,-0.7583697509,1.420982022,0.7260937889,0.8437326623,1.164863981,0.7875882217,0.8440786806,0.07559361074,-1.426773851,-0.1350451,-0.7695146402,-1.422741769,0.2584527909,-0.5685494541,-1.029804438,-1.04300108,0.2684170797,0.3586719492,1.32245747,-0.01391466852,1.041839759,1.402264827,1.150165636,-2.365303906,1.228683719,0.3396200082,0.4237713529,0.3712274177,0.3827571603,0.3194142203,-0.3589133085,-1.901635298,-0.1089147279,-0.8037318485,1.080163413,-0.156017115
-0.288766506,0.08347535611,-0.8496059556,-0.5106224679,-0.01153306169,-1.485375184,0.3006851143,-0.1060722534,-1.185719805,-2.398232865,0.5130521339,-0.2975840389,-0.5300084132,-0.2361546299,1.816475941,-0.04980096906,0.08661926299,-1.48707287,1.647339066,0.9174879834,1.066934867,0.04767273121,0.9166547888,0.3709468351,0.6131890779,-0.1521929584,-1.473887948,1.028854348,-1.934959637,-0.2399366713,-0.2045224884,-1.042860141,0.6131231363,-0.2003297014,-0.4368683256,0.519841731,-0.4765790406,1.388979975,0.3514550762,-0.4743329868,-1.944264976,-1.307753197,1.086830785,-0.05060406311,-0.2831250657,1.643251614,-1.282649244,-0.5856577998,-0.4725876768,0.5863372815,-0.8415178746
-0.6635351983,-0.6134178486,-1.605149397,0.729349404,0.8061393585,-0.4763767474,0.1633399455,-1.292646123,-0.4718131547,1.377950953,0.1357307341,2.310363487,-0.7871927422,0.5802844167,-0.1955058278,0.5658178468,-0.007211359659,-0.5611981104,-0.8676167643,3.066036739,-0.07734505972,-2.01666069,-0.6486006079,0.6780397271,-0.5000084332,1.360446202,1.002398273,-0.1523386358,-0.4722159428,-1.004801007,-0.6999665423,-1.473143075,1.204396292,1.590700787,-1.25613807,-1.181682976,-1.768511857,-0.9638542307,-3.106336801,-1.142278957,1.2969154,-0.3456725295,0.8545842349,-0.4889690638,1.760667297,0.199217983,-0.3820022921,2.552424025,-0.3244718563,-1.22122335,-2.945986691
0.201910002,-0.03883503856,1.066324553,-0.9216339245,0.8047169315,0.8527484706,-0.6676872919,0.1632440057,-0.8307519569,2.345808074,-0.7041395623,-0.4530744437,-1.065838022,-0.3461212752,-0.005876026697,0.7677891353,-0.6104866461,-0.1857739587,-1.416489366,-0.8274022268,2.755807558,1.041243192,-0.7814240417,-1.337397242,-0.9755828306,-0.02169085951,0.03472778836,-0.7443606009,-1.286574467,1.422378505,0.4516854513,-0.3745680196,-0.2206612078,-0.5295304591,-2.936045446,0.1156618271,-1.07054441,-1.002684299,-0.6402624054,0.7323017147,-1.170530808,-1.43428146,0.6398520752,0.7543689046,-0.9589337078,0.5623976773,-0.2916324304,0.3012921766,-1.26096028,0.8328944494,0.8973658296
1.203258954,0.6370732356,0.5583399617,-3.772275156,0.2606297491,-0.02544531669,-0.1470455068,-0.63057799,0.05536497491,0.4121174051,-0.2637881605,-0.4633241397,1.229753811,-1.105367107,1.030155198,0.1768124637,-0.8043056453,-0.2899818961,-0.9199936028,0.6750645184,0.347901762,-0.5567961752,-1.102218299,0.3017160935,0.9573856068,-0.1138363494,0.4183525009,-0.3760271505,0.06756920601,-0.2912829114,0.294042143,-1.509772513,0.6441905232,-0.2299324816,0.3586080676,-0.3403101275,0.3203611894,-1.072562804,1.189154412,-1.703544588,-1.039238815,0.2356660695,1.462842285,0.2781263018,-0.2479084553,-1.425090143,-0.1912766644,-0.01987701104,1.690568645,0.6221252216,1.19468178
-1.529092875,2.026779095,-0.3950098755,-0.8794597147,1.474822652,-0.0497557603,-0.3674025994,0.2187859889,0.8448887804,0.9933362044,-1.3752024,1.99848147,0.946861588,-0.379201062,-0.8186598515,-0.9690124308,0.1233784376,-0.6480162942,-0.7648739653,0.8112544049,0.3645673438,-0.3945712584,0.7342475962,1.367378626,-1.094496313,-0.6032918841,0.9426218402,0.7189405658,0.2266988564,1.162421188,-1.088211729,-1.479137834,-0.8665073573,0.1225440955,-0.7960867751,-0.4872181564,-0.9750001191,-0.6204291446,-1.004787219,0.3674662057,0.794891068,-0.4804459395,-0.2072657955,-0.5810325725,0.5312512156,0.08905603874,1.5941569,-1.095472037,0.3625024992,0.4439913996,-0.2633954622
-0.360440171,0.5835341274,-1.438522649,2.118803031,-1.342044453,0.9198072606,-1.121122679,1.150883031,-0.3847740266,0.1584229072,0.05334375571,1.100734095,-0.3215474501,-2.96718371,-0.7600587901,0.1837123231,-0.4404682049,0.7698208513,1.015326996,-0.1477718099,-1.489645394,1.38416511,1.0830535,-0.2991911343,2.108288411,-0.3488754601,-1.13711972,-0.1558734338,1.077833716,-0.9374534425,1.951225078,-0.8965262146,0.9544222764,0.5444623742,-0.1540570596,1.080532979,-1.499798789,1.357571787,-0.06368402897,-0.5424352499,0.749174048,1.059899014,0.7697954306,1.999503821,1.080726076,1.283506632,-0.5398639372,0.1065237771,0.5629825823,-0.0177422367,-4.039072368
0.3016352332,0.4261047661,0.8442439177,-0.1016088908,-0.3497992154,-0.8283156502,-0.8917323261,1.172451227,-0.084521488,0.7869443811,-1.297363846,-1.938168108,-1.049091231,1.146626968,1.06807744,0.3320386079,-0.8021701502,-0.1308026416,-0.2977604798,-0.3449733461,-2.506069837,-0.857926386,-0.1901088757,1.51642779,0.1607430591,1.400888286,-0.3937069088,-0.2526885812,-3.89942173,0.4633303392,0.5470956613,1.76375907,-0.4867612108,0.0941541562,-0.7055279547,-1.176257065,-0.7131079667,-0.3449985241,1.355438029,0.002211602573,-0.7905448097,0.1418778282,0.2175713556,-0.676232056,1.143233627,-1.888348891,-0.2135446281,0.6650660656,-1.338432519,0.3612537486,2.525354848
1.29289305,0.4536712643,-1.690159943,-0.7281950274,1.232303403,0.2983352451,-0.00985893849,0.4412005947,0.72104895,-0.7084652366,-0.2904000801,0.1429136497,-0.5439577218,-0.1334515585,1.297871761,-0.9678198647,1.926662709,1.879344377,-1.713439438,-0.1410226651,0.3426915696,-0.7608710875,-0.7410805037,-0.2374156967,0.7391780871,-0.5113338389,1.826693812,0.2899740023,-0.1025752841,1.449259685,0.6262811951,0.3692867757,-0.3311403828,1.813985614,0.8118215897,-0.2034113359,-1.577199151,0.3729515418,-1.143740092,-1.715945952,-0.2791515055,0.2814711026,1.282481234,0.2824518253,0.8060195272,-1.225882705,-0.02253217747,0.1242113193,0.8622461846,0.1160606734,-3.377154795
0.8040789581,-0.5041992478,0.3579549062,0.4148664013,-1.249775725,0.1755386286,-0.320362527,-1.904087949,0.9584066801,-0.3618586803,-0.8523900581,-0.3773167437,0.1382003031,1.507909484,-0.165933203,0.472407497,1.373579377,0.5335505313,1.068564157,-0.476509859,0.7710493265,-0.05797600007,1.074411237,-1.003559572,-0.7795577532,1.268731573,-0.1960839726,-0.3589606467,0.07757241935,-0.6894974574,1.331941369,-1.249162652,-0.1505979984,0.3469527857,-0.1044470691,-0.8022875454,-0.8683891968,0.4253944258,-1.03048045,0.6462427057,-1.524148364,-0.5549830967,0.03630602237,-1.252151943,0.6520108635,-0.01853881331,-1.036073682,-1.51888823,-1.565589371,0.05103394513,1.027794431
-1.156830107,-1.364879601,-0.2312259355,2.277500525,0.2775403612,0.7629188335,0.2127183463,0.7829821661,-1.34308865,-0.4305119702,0.2613508456,-0.01791681605,-0.1919932201,-0.6658760797,-0.2583831027,-0.7741978239,-2.421833015,-1.194508442,0.4756529389,1.557077956,1.813580171,0.09675174369,0.8933836234,0.9079779107,-0.6922591839,-1.69793983,0.03088731935,-1.762200997,-0.319929613,0.6081170868,-1.420069488,0.03229538393,1.240018115,0.361512474,0.5223217007,0.9067404138,1.732963072,0.1514230817,1.229500861,-0.06416921634,-0.5461688154,0.3148209696,-0.605812848,-0.5731292158,-0.6077406304,-2.295424196,0.1054994777,-1.263835359,-0.1072691207,1.44996878,-1.976699025
-0.5210003231,-0.5420091584,1.363909385,0.5463057655,0.9765270974,-0.355291234,0.7480832129,-0.6861685892,-0.6760017256,0.5962442782,-0.5983731713,0.7671185432,2.391684535,-1.686152537,-0.7522043761,1.120146182,-0.1450781695,1.16108985,-1.010064273,0.3313441778,-0.1505563178,0.1403707229,0.3311160191,-1.220006363,-1.074137485,1.399244007,0.2932137116,0.106346333,-0.04407472261,0.3565424987,-1.155936739,-0.9990273319,1.304508247,0.1512752218,0.8503008737,-0.6056640069,1.37672538,0.3452784053,0.4812458193,0.5487293377,-0.7970092394,-1.865720863,-1.074802667,1.630522857,1.30068397,-0.346921368,-0.301676327,1.036605877,-0.1684098728,-1.29925987,2.757833571
1.265543093,0.4771785779,-2.516339715,-0.3131901055,0.1436702033,0.4812468271,0.1521511893,-0.6357417972,-0.115759044,0.2948003179,-0.2680040856,-0.3719007197,1.252083939,-0.9466076853,-0.3494634711,-2.031269013,0.5409699635,0.8282644598,0.5484868326,0.9176724875,0.4407067448,0.342515391,0.473947067,-0.267308432,1.188327863,-0.348572065,-1.462351925,0.8497836136,1.85070278,-0.9601511193,-0.1016311296,-0.6854420107,-0.3805832501,0.04609297178,-1.241808453,-0.2776536713,-1.465967386,-0.5682276379,-1.186069654,-1.059060699,-1.719910681,1.219354589,0.5090590847,-1.917464043,-0.596827594,-0.6704385999,-0.6909441282,-1.446883513,0.7543857214,-0.3958637855,-5.65792202
0.4681489095,0.5267557652,1.375445312,-1.814872278,1.738602111,1.268815274,0.5730659923,2.383592229,0.2049785979,0.8214789161,-0.7384139813,1.134357408,0.1678259697,-0.4512001449,2.116939198,-0.3047996645,0.008861327609,-0.1972799573,-0.7556709132,0.5312724005,0.7384096037,0.3543725277,-2.360578261,1.007997003,-0.3502383498,-1.216323412,0.6032809591,0.5628494204,-1.043073702,2.472435679,-1.209626549,-1.733002704,-1.154171426,1.420799843,-0.1758567257,-0.3720566878,-0.06215772113,-0.5966139079,-0.6902634133,-0.6412154938,0.7079555235,1.020455886,-1.055092562,0.2392279717,0.7882072412,-1.08175195,-0.502566592,-1.038064162,-1.291028543,0.1018628688,1.594002257
-0.7361323713,0.6311290891,-0.02942192262,0.4126273552,-0.2922829126,-0.6349973826,-0.09067313511,-0.004996130277,-0.7058554945,0.4265954551,0.746594856,0.1580827053,1.713490889,-0.6323390097,0.5205964182,-0.4087348005,0.2346295037,-0.8299493396,1.115123377,0.1760209058,1.1922445,-1.266095577,-0.4935152092,-0.8925658003,-0.5319418653,-0.6926096972,-0.1205409343,-0.01724714373,-0.0409848647,-0.5555238735,0.1874251779,0.8756154955,-0.902275566,0.0008886250019,-0.07407088918,0.4683546342,-0.06385858477,-0.0156648036,-0.9910957822,0.02170383906,-0.9218844893,0.5157042482,-0.1032189343,0.03985841761,-0.8911903671,0.8037575799,0.6923139089,0.861523929,2.227386081,-0.05251938229,0.3661556884
1.203402836,-0.1238278064,0.3940872958,0.3653374276,0.2645917634,0.6582561785,-0.3039363803,0.04093228158,0.5353096473,1.7478539,-0.842356669,-1.80613262,-0.4840854911,0.08992843298,0.1749770932,0.09221778579,1.182790123,0.9760497928,-0.04926790495,-0.4695471228,-0.3460088814,-0.356304153,-0.2255994738,-1.572650562,-0.4610407436,-0.4248800213,-0.1888803857,-0.2543000124,0.6720071416,-0.531943356,-0.4385777014,0.5419387547,-0.2353148467,0.2164547268,0.6693356984,0.4219694948,0.250162448,-0.1964415577,0.6818941031,0.1755499413,-0.5048527511,-0.150809187,-1.218129377,-0.9615559741,-1.882908037,-0.6799313816,1.335545422,-0.55648884,0.7875408171,-0.003449854223,0.3089759853
-0.7005488231,1.338279515,0.5822058486,-1.751800565,1.041402198,-1.074791495,-0.1779139466,0.6681134217,-0.2998531606,1.118944056,0.7612637605,-1.57687561,-0.4724341564,0.2820737332,-0.5749986813,-0.2162765062,0.7997849114,0.3167813067,-0.9206190352,0.1746063694,-0.6122696351,-1.215192359,-1.13005585,0.2869555371,-0.02811370599,0.005431808558,-1.146209048,-0.18392955,-1.037167608,-0.9263938336,-0.1651267568,-1.383390451,0.6692672664,2.486882851,0.4588232491,-1.042903139,-0.2711855142,-1.555437944,-0.3776163813,0.5073139356,0.5893847662,-1.031742754,0.2991456535,1.156408025,1.755091585,-0.7007948827,-0.8642000121,0.05441586912,-2.928090173,-0.5310340012,2.094639988
-0.2709749693,-0.4593419875,-1.583873228,-0.2455511077,-0.7766086201,0.7574830585,-0.9184748174,-0.2823451298,-0.2329479251,0.5675714213,-2.5459046,-0.3406249358,0.7596151493,-0.3616882372,-1.526936966,0.3265981726,0.3366869062,-0.270489392,-1.159795707,-0.7406751455,-0.3137565089,-0.8755328558,-1.920178348,-0.7692867989,-0.06174393447,-0.5070600673,-0.07557283914,0.08365797896,0.8965755004,2.203824123,0.7317788401,-1.404328547,-2.656944947,-0.09446216867,0.07138843526,-1.161873306,0.2720321372,-0.7669395879,0.4026697328,-0.325518173,0.3974625907,-1.743195194,-0.4384668751,-0.1485960065,-1.424874725,1.882338258,-0.5407734121,1.389971729,-0.6643420911,-0.2299711555,-4.03149159
1.183901912,0.303826845,0.1920543503,0.2659434482,-1.366157876,-0.3895534736,-0.9564456539,0.1974136523,-0.5439981304,-0.0440591215,-0.07729256326,-0.03637038491,-0.03474712191,-0.6523781064,-1.054002796,-0.6643563094,1.071538341,0.3741618065,0.5869553606,1.379967916,-1.179430933,0.5099524215,-1.075074105,-0.3343325989,0.4842398428,1.614345267,-0.7821649425,-0.09479625359,1.156236804,-1.489808119,0.3621129147,-0.3082781504,-0.8816949715,0.1466308231,0.5949258618,-0.9120997623,0.3799897818,0.1733699896,-1.241813306,1.553412867,1.08990267,-0.8599267479,-0.5866308827,0.7707802337,-0.4954490474,-1.839718605,1.048882112,0.008781422966,1.907026191,0.3574671232,0.4993914476
0.1909924894,2.874500481,-0.171867346,-0.9518157649,0.2291979796,1.135754903,-1.165120144,-0.9082651093,0.4497770984,-3.197345392,-1.092678658,0.7954840824,-0.5867399162,-1.626483133,1.925566658,-1.410535157,-0.523365547,-0.3727314993,0.08314439398,-0.3695052019,-0.08096507857,0.05749457908,-0.08667642877,0.09327384069,-2.378925688,0.4410646978,-1.404456698,-2.166645511,1.381347906,-1.285515279,0.179869106,-0.7725614871,-0.6784662159,0.4836547686,-1.048224959,0.3726742754,0.3806924762,1.164447914,-0.3362132205,1.046582253,1.720694707,1.586682279,0.5860769568,0.4491660719,2.849454961,2.232175959,-0.7666172841,0.9236090363,0.6019592321,0.0722674615,-1.224334714
0.1533122981,0.4877851125,0.9373584773,0.2187698617,0.3397937146,1.392140314,0.3177202434,0.5450224817,0.9902300966,1.633262416,1.227040929,0.3772149528,0.207815454,-1.223603578,0.2920625441,-1.03716976,-1.024039442,0.6505089275,-0.1005771836,0.472209496,-0.6269631174,1.201204007,0.1437721801,1.187728327,0.6734404902,0.1652490386,-0.4785274111,0.03150757765,0.8280104855,0.6976577342,-1.195584653,1.025682053,-0.2139079415,0.815263721,-0.6974882614,0.6378552877,-0.7965918828,0.1293568317,-0.2980298067,-0.2855725669,-0.5665872436,-0.1535790963,-1.74063469,0.8765996934,0.9616865871,-0.4427738728,-1.379754626,-0.6467092698,0.9476143297,0.6255207734,0.9078490987
-0.3003535609,0.8972747801,-1.041480756,-0.6126363311,0.4746072467,-0.0959133297,-0.5892256992,-2.512127731,0.6712163346,0.3237218134,-1.742922329,0.6003256861,-0.01436375876,0.2788347774,0.9451932066,-0.7398868049,0.7135642142,0.683854152,0.7615157393,1.635955778,0.6587348428,-0.5615577103,1.79838442,-1.107312546,-0.4627235944,-0.964469711,-0.1027607995,1.082219283,1.297785957,0.4635174158,-0.6093910636,-0.5536205982,-0.6031961367,0.9528406823,-0.9065393256,0.8645262754,-0.03259407162,0.1720510725,1.511718384,-0.4753340141,1.661728596,-1.409452659,-0.8247636939,-1.578391403,-0.746781884,0.5828820972,0.737729065,0.3067753035,0.2670919617,-1.173326977,-1.571045156
-1.326831833,0.3038900075,1.347806977,-0.3641347604,-1.268559617,-1.533280478,-0.6806517146,1.579543822,-0.2077395375,-1.037943374,-0.6094708442,-0.4835449713,0.2656134152,-0.6600164536,-0.8899395747,-0.1880169845,0.4686703246,0.7170437679,0.5505320163,-0.4574969297,-1.695077018,-0.7985161429,0.2840813933,-1.333635286,0.252619223,-0.5899759492,-0.5821639535,1.119507008,0.2187326299,1.370256173,-0.939252988,1.130741192,0.9090804102,-2.99500278,-0.08827071177,1.542224409,0.7780573812,-0.4413211566,-0.2327903907,-1.303048781,0.2062924901,-1.793172081,-1.015306744,1.11916436,-0.02056504388,-0.3634260489,-0.1059111231,2.741894012,1.035187991,-0.7756413746,4.150216422
1.66674975,-0.08879493791,0.7397169334,-0.5866304528,-0.9378559883,0.8019126613,-0.7688867494,-0.7813181155,0.8978342992,-1.16206903,-1.419252002,0.5450543963,-1.959881625,-0.7517256567,-0.365646112,-1.34530699,-1.117390521,0.6658729284,0.2924530661,-0.9457114683,0.529485566,1.519278441,-1.28241781,0.06125579484,1.976651348,0.611159889,0.8133851241,-0.2001526705,-0.7979637561,1.143371695,0.6537249442,-0.05152318524,-0.4653357248,-1.747725228,0.1559062291,-0.6917127646,-0.1318542684,0.6709753843,0.8200027057,0.719000969,2.255064332,1.165118529,-0.7460781758,-0.8183019235,2.328150725,-0.6633261583,-0.04413534253,1.744859088,1.715315874,-0.05463202916,1.160988713
0.2419430815,-1.635109302,-0.9083487005,-0.3652591301,-0.005660169489,-0.3233204761,0.1522939816,2.192701514,0.4643408609,0.3087071878,0.001826355891,-0.171907605,1.2329446,-0.9912614307,-0.1255795251,-1.095777231,0.08712970192,0.1190503222,0.9205065081,1.197661621,0.6630643333,1.622259287,1.588503268,0.3153586881,0.3733468626,-1.936281692,0.3202432047,-0.005091553878,-1.688495212,-0.4313860318,0.9574239668,-1.238774326,1.292951165,0.4747993187,-0.2283880902,-0.1423272872,0.8299271042,-1.43139428,2.04076194,-0.8134195295,-0.7652832419,1.220768197,0.790052335,1.325391696,1.045981074,0.3763959288,-1.276384147,-0.47283991,0.1984393646,-0.01718257046,-1.264938929
-2.052782821,1.044405359,1.731142462,1.464095199,-1.017859626,0.4359667797,-2.126498085,1.690018142,-1.93987691,0.4105087632,1.162579689,1.291321731,0.3439705147,-1.425650049,-0.101175793,-0.2683184742,0.368359159,0.987745984,0.6620408823,2.121616558,0.6610508551,-0.3888175083,1.629979552,-0.3145280649,0.281863511,0.1807779264,-2.293231358,0.2768199534,0.2894399535,-0.209705055,-0.1412869753,-1.284403494,0.08246330884,1.502925486,-0.177269568,-0.5221257515,-0.6077288948,2.017087908,-1.355243489,0.8449497673,0.1114118051,1.920896423,1.311265421,-0.08831802596,-1.541468638,1.429639843,1.458043668,-1.104901995,0.7452334972,-0.8007665489,2.097921355
-0.7761903064,-1.609313419,0.9329052275,0.2711284261,0.4944997307,1.452474937,0.6686246366,0.5845627568,0.7492738791,-1.064571844,-0.03446513462,-1.206261555,-0.8999131106,-0.09181650149,1.061887618,2.058214014,-1.085193163,0.1733304164,-0.07091043621,0.5272356224,0.5824098823,0.3624211643,-0.9671765424,0.394675423,0.8923267131,-0.5133908324,1.978164924,-0.2349131819,-0.6338601978,0.2963790384,-0.2575894841,-1.367172814,-0.02615678652,1.595702441,2.002532317,-0.5670414605,0.9052746036,0.1325294549,0.2838866297,1.267371213,0.8520715283,0.1543204158,-0.9287442857,-1.123980842,-0.06401811045,0.3236133275,0.5031718923,0.7819693534,0.9795851288,-2.403076697,0.7198495289
0.903440333,-1.047447777,1.114068575,0.3366443279,0.6305598178,-0.5409257482,0.2826513214,-1.867212579,1.095246617,-0.3308387386,-2.589080295,1.061483554,1.676773727,-0.8761295164,1.212709886,-0.7497554511,-2.26652063,-0.3578924743,0.326136452,0.1335511294,0.1035979495,0.2964228578,0.2165556636,-0.2160383035,-0.6013813732,-0.2658008475,-0.3516725662,-0.3029226234,-1.102953431,-0.5425943845,0.08222618879,0.3094189104,-0.06402894752,-0.1836599142,0.5344498736,0.8144686606,0.6800798787,-1.749909085,-0.4554050913,0.705654587,0.5153973237,0.6798106013,0.314351508,-0.8535368023,1.222564532,-1.359588874,0.9857577924,-0.01637513124,-1.472654224,-0.3961588006,3.362422068
1.203751747,-0.5884016698,-1.210602397,-0.2887902838,-0.8180749585,-1.250599979,0.4375377522,0.7981723076,-0.5517314172,0.5236229236,-0.3870270149,-0.09971412916,0.123402411,1.493283541,0.5075588652,-0.9991131085,0.5158292357,-0.2211882702,-0.4663604089,-0.8397613575,-0.02626026256,-0.06013243529,-0.4021823645,-1.391147344,-1.707172293,0.127984492,0.1782047535,2.183128687,-0.1786630094,1.021424079,1.195203722,-0.06106675539,0.07680100344,-0.4298437373,1.775159211,-1.508432171,-0.03964614864,1.384122994,-0.1076800633,-0.5709374998,0.2328826369,0.5269880127,0.5674430737,0.2816433149,0.7500911197,0.945701056,-1.106882912,-0.3788918252,0.8696913262,0.4886200245,-1.476666962
0.2346001083,0.6724788921,0.9521537347,-0.8580470591,-1.226944412,-1.153681461,1.858674129,-1.054432573,-0.2345871225,-0.1854782991,1.031060165,-1.738321099,-0.03926821095,1.214388347,1.114899762,0.4093119944,-0.2609390874,1.757683447,-1.671947177,0.9809852752,0.5081778886,0.5910366844,0.2658088302,0.2051801474,0.9307879958,-1.153044789,-1.246551946,0.1624532353,0.05215079168,0.1636601623,1.590432984,-0.5793093536,0.7513187611,0.3844477037,2.366562402,-1.402186651,-0.5460071183,-0.456790034,1.320602897,-0.8199185708,1.657943,1.598108313,0.8656126509,0.4373760402,-1.556178189,0.1821495069,-1.430671659,-0.3626263896,0.2031007333,-0.308871379,2.958581761
0.9508056222,-0.1291761471,-1.54858222,-1.060057226,-1.27390839,-0.3164303778,1.247584857,0.5057460481,0.3395094716,-1.285381393,2.369163853,-0.02826316219,2.41691267,-0.8674214463,-0.5678464805,2.59966149,-1.074993979,0.4187058207,-0.3382052745,-0.8134123397,2.161079597,-1.004131051,0.8974350016,1.104312597,-1.011801455,-1.897225291,-1.780639897,-0.7995834678,0.2226646688,0.3354421305,-0.1890465742,-0.1053065847,0.9740473584,0.7681529784,0.3787542251,-0.6169671181,0.7775727789,0.1812096774,-0.7478351472,-0.576895877,1.228647758,1.845381963,-0.5297267324,-2.078068154,0.587463717,-0.9032628262,0.7324981608,-0.3759572777,2.22959848,0.1122445053,-2.574920573
0.9028507011,-1.215053731,-2.819291438,0.1353311184,0.2619630901,0.7202996356,-0.5538114537,-1.291838505,-1.600495376,0.5531409147,0.7102909261,-0.8757583284,-0.5280346203,-0.7281854422,-1.895207483,0.1991156087,0.8460161166,-0.2233497107,-1.422472305,-0.1983218835,1.364422691,2.129906062,0.2690971393,-0.7889410287,-1.98557546,-1.545936094,-0.08888755019,0.2257654302,0.2566399244,-0.2629774654,-1.543222105,-1.57645593,0.1473243643,-0.824567882,1.304835542,-1.458912754,1.687097924,-0.6664961822,0.2231890014,0.2231619293,-0.3440075499,-2.013482845,-0.4823953864,1.522460196,-1.280793275,-1.842109147,-0.218873497,-0.4123870654,-1.292841758,-0.7525727148,-7.123074914
-0.4810790829,-0.4128744635,0.1627738224,0.7066632523,0.3870749052,0.3417487352,1.680142956,1.095303225,-2.912840153,-0.3631618436,-1.576550191,-0.6891364641,0.7710738648,-0.2011861241,-0.4283892633,1.31697153,-1.503777942,-0.09381435012,0.5487588588,0.02413470458,-1.163275211,-0.02256756331,0.8075121754,0.3572499732,0.3176914257,0.3074480295,0.1351916918,-1.241260802,-0.3091021864,0.430837693,-3.114509203,0.7571779658,0.3374244621,-1.084179711,-0.7463500999,-0.2038412963,0.4134349592,-0.3740266469,1.167003108,0.4131256125,-0.7865714059,-0.471181919,0.2275796235,0.7283740316,0.6800154755,-0.09759375167,0.1494950475,-0.02510104139,0.8219899253,-0.9862445163,-1.428798438
0.6028426928,-1.852403063,0.4510329592,0.2562128157,-0.0003741519109,-2.13260933,1.56672407,0.8984111451,0.02544833309,0.4587073307,-0.9393821512,0.5122731534,1.560087147,-1.17808559,2.692757483,-0.4369289602,0.8274078729,-0.8261107818,0.3904056328,-1.273939389,-0.6589940136,-0.22857728,-0.6558216104,-0.241429967,0.9759528637,-1.277085221,-1.195753173,0.0470592549,-0.5641896712,-1.003749056,0.1320327899,-0.5643668557,0.3361401963,-0.03976007149,-0.2012149024,-0.06823995781,1.023240415,1.314104497,-0.1596042893,-1.02996757,-1.511291602,-2.233578153,-1.175955951,-0.8523197018,-0.05253554888,-1.880538827,1.429691201,1.063555746,1.245170358,-0.5128902148,3.069305976
0.2440012611,-0.9473643186,1.549809566,-1.213025063,-0.5136253225,1.423415875,2.489812113,-0.09172647892,-0.4142342257,-2.507131937,1.710452017,0.308182178,-1.883940821,0.8713568935,0.613881282,-0.3543996232,-0.5578363689,0.7301253248,0.2339453338,0.486833642,1.226494733,1.193189953,0.7605131055,0.5852847041,-1.278184724,-1.115459167,0.818522718,0.6472027784,0.5181817409,0.8403471898,-0.5540033467,0.5649234322,-0.9888810122,0.06238014016,0.9293259499,-0.6768644679,1.952907933,1.134079494,1.372107154,-0.2111564012,-1.388949437,-0.6985898307,0.5516669716,-0.2790030334,0.7213651684,0.1504549174,-0.5897537532,0.9342152891,1.3517447,-0.7321492123,1.402559884
0.511907622,0.1565941792,0.2808796596,-0.1041074656,-1.252681431,1.409523758,-1.043591867,-0.8706263382,0.6562705924,0.1798747998,-0.7960370419,-0.6575473765,-0.1586974908,-0.43608218,0.646526324,-1.164219118,0.3633206792,1.530534818,0.2013621926,-0.8882934081,-0.7230384818,0.04366447607,-0.6242140872,1.234602272,-1.840383697,1.638962818,-2.024989814,-0.04100887328,-1.082972205,0.8201832388,-0.7740336766,-1.133067848,-0.3400249821,-0.4110087038,-1.935030132,0.4545161438,-2.392625491,1.176337312,-0.3300648749,0.9530067793,-0.6005581851,-0.7931070668,0.6517481414,-0.5841397576,-1.547606081,-0.08707687567,-1.377069606,-0.01290722217,1.378939501,0.9626683754,-0.4657254357
0.001851731143,-0.1657187279,-0.3167853963,-0.6375453958,0.3550738828,-0.1578850961,-0.381699152,0.2700477397,-2.018376731,1.95648018,0.6301338425,-1.393763321,0.1150465113,-1.129085149,-0.5392683405,-0.8951094234,1.091860835,-1.920733467,-0.3543934031,-1.649062964,-0.0204496213,-0.3177080181,-1.406719918,1.439734415,1.563442917,-0.5641825026,0.5219281921,-0.1488066787,0.2434407079,1.532130964,-0.2686406138,1.792167484,-0.2881948534,-0.09355393434,1.889317438,0.2752171973,-2.031941634,0.2248028749,-1.28185323,-1.662602894,-0.9426428635,0.3260803808,-1.113367652,-1.401258509,-0.3797615322,0.4046106483,-0.696378284,-1.306436385,-2.172692614,-0.7762024879,-1.468719103
0.8443084417,1.002090221,0.7898114515,-0.1752912422,0.1293513837,1.267703446,-0.8686774272,0.3640755761,-1.870896396,0.6822976621,-0.4510430387,-1.155631435,0.7728339483,-1.111234952,-0.8672816781,1.536818422,-1.046025084,-0.6560050267,-0.683254494,0.7848009523,-1.835911697,1.250395683,-0.243353864,-0.3168663548,-0.8966814169,-0.1454513277,1.470393522,0.2128523864,-0.9325401919,-0.3473551626,0.5344530666,0.08532507219,-0.2573105915,0.6045729131,0.3610866851,-1.077716015,-1.914916352,0.5004882032,1.857444121,-0.8207313943,-0.1410117173,1.354081383,1.739633965,0.06523588768,1.249725274,0.7506339707,-0.5558157304,-2.018811618,-0.9094275616,0.3692293314,-0.6089510681
0.4192548342,-0.5022445517,-0.8576999594,-1.60030524,-1.680333677,-0.1221201201,-1.574733923,-0.01510598973,-0.7979808719,-0.4261645427,2.125367694,0.04826252963,-0.3435529184,-0.1733358329,-1.473657213,1.339149263,0.8478164192,-0.5319951317,0.2292881689,-0.6715777258,0.3962812296,-1.342972718,0.2674707028,1.501269838,0.4462812743,-0.5900893871,0.9497699794,1.950542996,0.7309340332,0.09723401288,-0.8022183267,0.4356390293,1.922266745,-2.016880168,0.9772894218,0.1477918741,1.513356678,-0.1279350161,-2.1637225,1.991437391,-1.159382894,0.8003202218,-0.1275702839,-0.03958629561,0.1376238566,-0.5458660679,0.1865838571,0.3076750198,0.8016005617,0.1250215102,-2.061416473
0.3186921585,1.328184521,-0.9020218096,0.0701438969,0.4783125142,1.035436402,-0.06358214292,0.09934888619,-0.3449469321,1.240256028,-0.3211720506,0.6852925999,-0.1018750991,0.03084471375,-1.223058215,0.05671207887,-0.02964608475,-1.483600485,-0.7404403951,-0.4538522859,-1.528704589,-1.217163768,1.469563306,-1.029982424,-0.856677984,-1.395761111,1.227381918,0.9182081635,0.3182166183,0.08424070329,-0.4918737495,-0.2844091606,-0.6741547402,0.6582674221,0.6921943755,0.9126284235,2.048895034,0.7071686324,0.6345284188,1.003697977,-1.542009858,0.004732464407,-1.512502898,1.577252163,-0.4930096168,1.77312077,1.0615231,-0.5522362057,-1.659766494,-1.124017334,-3.013488607
1.038721203,-0.3213026047,-1.481285096,-0.2247117107,1.692705999,1.609236863,-0.4730861523,0.3081152004,0.61274574,-1.479165153,-0.5329224854,-0.4054133785,0.4040521867,-0.5103013237,-1.397386997,0.3242068131,-0.642007359,-1.22789619,-1.2253968,-0.2229783279,1.451057024,-0.1745459793,1.073125084,-2.246131554,-0.8386610588,-1.257989837,-0.2745551863,0.7701948085,-0.5464668174,-1.244491674,0.9477394167,-0.7621325073,0.2725581062,-0.6649972647,0.5171265219,-0.383547154,0.7951578238,0.6210044209,2.221269452,-0.08017439813,-0.975331332,-1.161117257,-0.5973170818,0.3753143098,-0.7138250153,1.518967539,0.2003181656,-0.9770189551,-0.4629532501,-0.6383804516,-4.240890285
0.1782672576,-1.025373618,1.281964313,-0.3563093484,-0.2372796817,0.9231499539,-0.7484719817,-0.001371197511,1.792213797,0.4111432126,0.2938229432,-0.4763953518,-0.9942400498,1.748809045,-0.1601079388,1.897991353,-0.6838947495,1.254952784,-0.2053167682,0.4167817678,1.216708642,0.4415346109,0.8025770185,-1.562929634,-0.4607015278,2.044688915,-0.2291364135,0.3186296303,-0.1630897662,-0.6215780228,-1.494058864,-1.141741753,1.682570277,-0.07906063688,-1.188808636,-0.9040654042,0.8734286196,-0.947149935,-0.6253518307,-1.1166336,-1.259130221,1.64906124,-0.1408895588,-0.3215069182,-0.6014496269,0.7124528851,0.06147132667,0.2923415575,0.1368658507,-0.3573216788,2.558869481
-0.4808884712,-1.734902122,-0.4917782269,2.163557912,-1.23943662,0.004371846845,0.3357254251,1.194025115,2.658276599,-0.3967959321,-0.8771032877,1.060172201,0.2130089,2.006377993,0.7253370629,-0.6687971256,-0.1966351164,0.423038856,0.5006888593,-1.134115315,-1.924206577,-1.603776777,0.617160111,-0.1532382606,-1.834841488,-0.5508402482,-1.937015268,-0.2631785409,-0.865359608,-0.5579657998,-0.08435487736,0.1826299671,0.05955536981,1.291677668,2.401028371,0.8519643807,-0.1896323824,0.7519677881,-0.7272664937,-0.8258371889,-0.8712445962,0.2923594549,1.238505781,2.224135758,1.324271534,0.6976873666,-0.6883266959,0.0766482093,0.5434592853,-0.122253082,0.350208124
1.862861677,-0.8199507436,-0.7141378092,0.38004499,2.006800446,-1.812742396,-0.8460402102,1.287903012,-0.6789510067,2.059094788,-0.8215196653,1.072326003,-0.08817747723,0.4595589411,-1.035885098,-1.606207505,0.7755495673,-0.5293075937,-0.9186930511,-1.105292848,-1.045035761,1.35322666,-0.9226432797,-0.542472845,1.966684406,-0.4323158963,-0.0056563704,0.367650902,-0.2959990897,-0.6881266372,1.278884826,0.3198307019,-0.6294936047,-1.385298099,-1.157672064,-1.024545398,-2.155983998,1.173938411,0.1021006932,0.5366538643,-1.418874313,-0.4851076979,-0.2400995184,0.07558978024,-0.2062859607,-1.244924361,1.091849226,0.7102840222,0.07486002279,1.032233801,0.1012503208
1.208103432,1.393906399,0.1630253946,-0.3147950374,-0.4798119335,0.8912329835,-0.7014648964,-0.9135261234,0.5543969117,0.5230041744,0.6365496358,-0.8492180412,0.300737203,0.9152972035,-0.4798314665,-0.2681383507,-0.2979540549,1.519218381,0.9008086149,-1.340569867,-1.520751515,0.6501107095,-0.2131030929,0.5325724756,0.2656954315,1.009600876,-1.625715023,-0.5478630059,0.2509940713,0.2344695325,-0.9481393573,-0.5271589401,-0.585842817,0.04467916687,0.7005642507,-0.2754684961,-0.1530540544,-2.094177505,-1.061103438,1.852980055,-1.714707627,1.364391841,-0.2978917908,-1.963201748,1.457684583,1.284068893,-0.5032482223,0.8672769906,-0.3558945361,0.05092627395,-0.3404372852
0.1662694998,-0.2310105532,0.5243726218,0.3857490055,-0.5228848885,0.2959931605,-0.5205875284,0.1338186563,-0.4968695992,0.09729067407,1.60064589,-0.653891423,-1.463127049,1.594145463,0.2924444051,-0.6506141845,-0.2496499323,-0.9137510615,0.937843844,0.7133390083,0.6285723575,0.2202034277,-2.050041644,-1.186978395,0.2844003072,-2.654948914,-0.07925561468,-1.025312367,0.6332937004,-0.1966013804,1.058918114,0.3376546694,0.113748752,-0.973339532,0.6277086215,2.379282609,-1.710444445,-1.023734392,1.664092683,0.5117912317,-0.2959296194,0.781978428,0.3324921029,-0.6526219432,-0.6682909118,0.8552752694,0.3433047189,1.077682481,0.6537807475,-0.6139953124,0.4394851232
1.524116162,-0.9231629135,-0.4532950764,-0.7827821608,-1.401180172,0.6225936636,-1.052853227,-0.6842248425,0.9427729237,0.8652131498,-0.6214242137,-1.308039436,-0.1042536502,-1.597865888,-1.010424208,-0.3877762983,-0.1581302236,-0.5552302117,-0.1453449014,1.382040321,0.6271261619,1.379226257,0.8960293987,0.2319816689,-1.213840274,-1.336087082,-0.02058527853,-0.4086076145,-0.9345430974,0.4097046129,1.224079178,-0.06808748493,0.08583555924,-0.546964868,-0.6879409076,1.973653037,-1.256411019,-0.1612246653,-0.4471401479,-0.1098916344,1.046333365,0.9937626342,-0.1401119976,1.123495705,-0.7665471723,0.3556771122,1.779512026,-0.5775879393,0.2051174074,1.498579935,-1.153661386
-0.8424775531,0.06432514554,-0.3148003733,-1.116943096,0.4042611098,-0.8441290591,1.65575445,0.02066119168,-0.2101495446,0.04087179769,0.1027873815,-0.199224225,0.05722851938,-0.5748115594,-0.4994395008,0.5270435091,-2.136350317,-0.7994831987,0.008555204611,0.3423804552,-0.3905414879,0.1362240435,-0.3494646995,-1.860713566,0.9404708479,0.2679959959,-0.9573570221,1.474974954,0.6774944926,-0.6255044628,1.106566731,0.53902783,0.8288747724,-0.6017937531,-0.556633487,-0.8224641507,-0.541058475,-2.313088361,1.083766072,-1.180448191,0.5697123943,-1.298219304,0.116806816,-1.192351679,-0.01987898127,-1.59969624,-0.5919210553,0.6596407423,0.2138962281,0.1710459038,0.12212351
-0.8584359277,-2.196532214,-0.893025752,-0.5109507506,1.479248986,0.5695239048,0.3164623664,-0.5818633844,-0.7292595537,0.6406217515,-0.3720512479,-0.336894466,1.917854502,-0.9818193631,-0.2816057094,-0.2496899535,-0.6513331141,-1.411566577,1.272350687,-1.412446293,-0.9076143892,0.2562652227,-1.243735703,-0.1557997517,-0.2565950542,-0.2367500455,-0.1400667212,-1.408420689,-0.5495029952,1.284512911,1.16394354,-0.5807784805,1.084895856,-0.9398651932,-1.363958495,-2.017263122,-1.112998241,0.4598776572,-0.3255479303,1.661634123,0.839436383,-0.354214729,-0.2232805501,-0.2159117584,0.9991059016,-0.3841898453,-0.01450213416,-0.7354443005,1.298754247,-0.349110242,-2.693707546
-0.6467965902,-1.520140749,0.966247469,-0.5917024381,-0.07038824204,-0.4104467197,-0.1865182889,-1.982548106,-0.7845791723,-1.083611441,2.17839538,1.346865929,0.4380767739,2.486763761,1.277322359,-1.344723423,-1.285224713,0.2678649816,-0.06937451825,0.2114773086,-0.8249311617,1.845504202,-0.3511134769,1.120230348,1.45939157,-0.5852353969,0.576381125,1.592978412,1.458245345,0.7517688775,0.4397053445,0.07885044866,1.268766911,0.5830606232,0.1242912726,-0.4727070095,-1.352657109,-0.173523686,1.864457377,-0.4836120643,-0.6412228201,-0.2406620838,-0.2128687791,-0.5591749709,0.6432376167,0.325793231,1.182870829,0.6015103705,0.1864843703,-2.103066262,1.960566992
0.1971473288,-0.6531297626,1.077727858,0.07343992029,-0.7626178331,-0.543240584,-1.201487026,-0.5475471303,0.3151868231,1.178823567,0.5198559561,0.8096958119,0.8911053539,-0.3236265249,1.453145863,-1.35170678,0.1233824352,-0.5257552656,-1.965445439,1.658994663,-1.997691447,0.6893502451,1.793175043,-0.2031234163,-0.1153716531,-1.898783127,-0.2498070005,1.450918342,-0.5221194468,-0.9743989702,-2.31574996,1.285678592,0.411788401,-0.302019557,1.042783864,-0.5306813747,-0.3340185405,2.124020898,-0.8962656754,0.2903323757,0.2235234891,0.09744204098,0.006273750475,-1.306660705,-0.1375009142,-0.2424709643,-0.6689244418,-0.8335399688,-1.001722259,-0.8094268827,2.863364547
0.409095966,0.03645624303,1.655497493,0.6033328907,-0.5950585496,-0.539115644,-0.1729718136,-0.3500211281,0.003694036816,1.94119664,-0.1519787251,0.1319969898,-1.191636826,-1.500546608,-0.1356415985,-0.4172858463,0.2017042188,1.356988017,-0.5104644638,-0.6845884007,0.9784981624,-0.4356794122,0.05751497481,-0.105679509,1.879184858,-1.683136211,-0.8209057348,0.6507925992,1.160096096,-1.029068522,1.17884098,-0.4710356638,-0.7262614001,-0.630125045,0.353830368,0.4846062723,-0.8747795369,0.2059638279,-0.3820916026,-1.192777377,1.691786349,-0.9675191513,0.1025404971,-1.164863622,-0.431393808,0.09087194089,0.1613954945,-1.023756604,-0.1198730739,0.3499460591,3.749870252
1.484177748,0.7981523225,1.072882036,0.6330242336,-0.6671145945,-0.3283673645,0.9065304233,-0.6874261219,-1.121349892,-0.04377743263,-1.817995364,-0.7824211849,-1.139548374,-0.4124963773,1.312341967,2.319184937,0.5930508135,-0.9606293131,0.7311006078,0.4204918676,-0.602368161,0.8810771082,-0.4835637288,-0.5794446674,0.0573709111,0.6854624289,-0.3683180328,0.3552202638,-1.829422659,0.292278956,-0.4784403314,-0.5229201709,-2.525789747,-1.449202468,-1.745546161,0.605453781,-0.9219314475,0.2733193276,0.6589093177,-0.5464156564,-1.027458577,1.210510113,0.2619413765,-1.232683495,0.4804152325,-0.6638188483,0.4648918633,0.8261752627,-0.8169387255,0.4916404165,1.937308934
-3.011450075,0.5471280587,-1.960057115,2.525554846,0.3541624377,-0.6135474771,1.133280235,-0.7844451346,0.11917515,-0.284906585,0.001177640657,-0.5595446817,0.4381398003,-0.7398498246,0.1125205588,0.6284934755,-0.595504262,0.8356246675,0.485723361,-0.2955232858,-0.5139954642,-0.04879491309,-0.452848294,-0.5138307537,-0.1326914873,-0.2122380388,0.1067772423,1.419786986,0.9117715746,0.8495599853,0.5173160654,-0.6037885031,-1.060661505,-0.2275635647,1.186158483,1.199196891,-1.458021537,-1.774146103,1.674860228,1.425013506,-0.6265618064,-0.07721766255,0.0499888467,1.103184916,-0.4879763565,0.5917901516,0.2737782145,0.3006312922,1.054016572,0.1466587574,-3.262540587
-1.281321871,0.9024046814,-0.4870478663,0.8978117353,0.2647491606,-0.978026828,0.2550502325,-0.6350346206,0.2702169495,-0.4042926541,1.01005051,-0.7117269482,-0.3676326831,-0.6998817399,-0.7938981768,-0.2697532852,0.2142077138,0.5607223899,0.05103865718,-0.4550816031,-1.559083638,0.9421281407,-0.5076193101,0.4007325948,-1.065107462,1.514221867,0.6915553913,-0.8886527469,0.3480651557,1.342735794,-0.1766208885,-1.701301367,0.4568132964,1.847409305,-1.597229627,1.024826611,-0.2328555528,-0.09116747777,0.1917348796,0.01231920563,0.8627878074,-1.164566627,-0.08603980227,-0.9355854086,-0.5107120952,2.972574293,-0.8459533388,0.4488550254,0.3063224445,-1.919951187,0.2260436365
-1.147217318,-1.816210932,-0.1528776424,-1.314652174,-0.8972527923,-1.535129113,0.673194553,0.5968648171,1.486356502,-0.1758742359,0.7380884815,1.129600274,2.092040375,-1.249551636,-0.8103416662,-0.9809568219,-1.386628311,0.7144413997,0.728133377,-1.397813852,-1.085724565,0.3136991618,-0.4917046991,0.2290124921,-0.1690760182,1.060016439,1.126708856,-1.829849284,1.356284994,-0.4818120756,-1.134032471,0.6029065333,-0.9796984254,-1.257239117,-0.3449713983,1.361196248,-1.817913225,-1.041323288,-1.691546557,-1.204730147,-0.14856091,-1.31978883,0.3103775201,0.1058197482,0.7222048117,1.920035435,-0.9884736391,-0.4809367057,-0.6043046113,-0.4521661263,1.91033341
0.4033623831,0.59983769,-0.5059605095,1.331703743,-0.2716373365,-0.1158877789,-0.8899123074,0.6679753355,0.7457116225,0.002803369407,-2.153009803,-0.2438513601,0.5932740599,-0.417285356,-0.09672805086,0.5125561932,-1.819392066,0.7947061704,-1.893698474,0.09553976042,0.5749597172,-0.5019481049,0.4671493011,0.4938599589,-0.5317320862,-0.4243785885,0.8038925577,0.3064733321,0.6004891078,0.410836157,-0.5693288587,-1.056969465,-1.021383519,-1.335950176,-2.008813736,-0.5900245429,-0.9008140824,0.06433315146,-0.2282835569,0.3731490817,1.12583027,-0.9809308911,-0.250243159,-0.3807360333,-0.8735687006,-1.193008709,0.05964869942,0.2635598383,-0.2772783505,0.5623565269,-0.5782756276
0.311809437,1.011663195,0.04326259918,0.1531918592,1.120795639,-0.4316157309,0.4620476352,0.995344932,0.9026613874,0.8318435842,0.6250778901,-0.2821092699,0.9844398229,-0.5028697928,-0.4201588368,-0.2123310203,0.5420585475,1.60950687,1.321287125,1.274390716,0.691827825,0.1555986956,-0.867496116,-0.5831598081,0.1398612938,1.707180158,0.5786142628,0.3728953192,0.581597377,-1.340220813,-0.6601788487,0.5164952674,1.02362193,-0.5930736897,0.5589791338,-1.882385901,0.5044417861,1.427665789,-0.2000416934,-0.6150119142,2.67544592,0.04964533832,1.383561045,-0.6494459068,-1.188295255,-1.529466335,0.9960830314,-1.657595146,-1.995526818,-0.6133441465,0.9870588009
-0.388478315,-0.2753674414,-1.240111169,-0.8072506447,0.05713699583,-1.932692549,0.0979966797,0.6059405172,1.373269958,0.4556941536,1.157427159,0.30123089,1.4945106,0.127680527,2.087351734,0.5998439005,-0.5572828299,0.1847275079,-1.741699412,1.211082699,-0.2733422566,1.232823659,2.20936037,0.01043834552,0.0382553094,-0.1509952705,0.37308999,2.216438937,1.284050582,0.2414334493,1.060468524,-2.057963253,0.1239219788,-2.829537121,1.124316651,-2.168769941,0.5476518627,-0.9028320684,2.559122655,-1.264555368,-0.3288242972,1.69259703,0.4436726658,0.2073433106,-0.229827893,0.0945331393,-0.7495543711,-0.1655823408,-0.04368676128,0.7308994531,0.04625921827
0.08123773545,0.846710721,-1.486944394,1.410684435,0.4577905164,1.639543593,0.5321765454,-0.1015125886,0.1411666715,-1.153516378,-0.2261296101,0.1863317338,0.1346939607,-1.636370953,0.4908097389,-1.003320598,-0.2146809728,0.8512766946,-0.7063052981,-0.1251191735,-0.4401475385,0.5403207334,-1.152220218,-1.551186822,-2.074257468,2.175956047,0.6778847167,1.618236488,-0.3740367467,1.122518095,-0.4451686264,-1.262778498,0.8469605112,-0.2944486258,0.259905241,0.4189440674,0.5914798182,-0.2127514439,-2.309464326,-1.188045937,0.5654944685,1.946915993,-0.03517743509,1.379756499,-2.376693504,1.490095625,-1.135584965,-1.013488462,-0.2997819302,0.2966840865,-4.582421825
-1.197749339,0.9961053034,-1.442199214,0.1360323944,-0.8838160226,0.2133873843,-2.017568989,-0.9793033165,-1.249055897,0.9096789974,-2.23968762,1.730914005,-0.5132521736,0.1898184027,-2.547515745,-0.7969824176,0.8376202833,1.500358974,-0.9909552239,1.132738955,0.1750029927,0.6419954902,-0.212498333,1.514980371,-1.707559965,0.642418879,1.53767552,0.7691371023,-0.2866512453,0.5175447956,0.2614125252,-0.2753310615,1.069628139,1.342790229,-1.360687292,1.85846146,0.05174122041,-0.1707309563,0.9264294977,-0.7672009029,0.4681774643,-0.3274672442,-0.03493635405,0.3874221837,0.02114318692,-0.3281953579,1.205180423,0.5736833832,0.4992745097,0.8849440935,-3.65209018
-2.089312044,0.9092751645,2.306982594,-1.034284142,2.518067863,-1.79007361,-0.6974592361,0.6742957081,-0.5977330657,-0.8900769056,0.1530437637,0.4372804797,0.874435579,-0.2721521232,-2.028613318,0.5726034653,1.295427804,-0.461258973,0.7867320841,-1.363227221,-0.7223717915,-1.186429877,0.09604111237,-1.171490827,1.65627576,0.5123995114,0.04358926318,0.7158184324,1.277471093,0.3887564415,-0.8365565852,0.08729226679,-0.436332376,0.5385576156,-0.3871056378,0.07086204195,1.050130629,-0.7986120053,-0.1476843292,-0.2333878112,-0.60954253,2.558886643,1.169377893,-0.6587122897,-0.6421872888,0.3413479534,1.266507532,-0.1024538984,0.8524997078,-1.747081865,6.127191016
0.40435975,1.325323051,0.1623694849,-0.6354460698,1.111252447,-0.9833875285,-0.2821918444,0.6140100587,-0.9079001709,2.651202002,-0.1895268236,-2.012427749,1.104021982,0.3624182011,-0.03672898372,0.4928246936,0.6431989961,-0.1011229704,0.6946908936,0.3980646133,0.9607582392,-0.4757497695,-0.3771729434,0.6362764607,0.7091919609,-0.01583536157,0.1038855738,0.961361427,-0.844371556,-1.194122427,0.8011514469,0.3923026522,-0.6982478147,-0.280682607,-0.7545402579,-0.517673178,1.326637839,0.05381326028,-1.108816201,0.5273524141,0.529862296,-0.05978020947,-0.06735410722,0.505698511,0.7712153736,-0.09662131044,-0.5639850499,-0.2271548556,0.9805928811,0.7737780374,0.8339796709
-0.4206851655,2.841157794,2.511277785,-1.052226301,1.029935532,-0.9962746702,0.04416480094,1.553813934,0.7740340466,-1.193769376,0.5178680903,-2.452940651,-1.586134279,0.03527752491,-0.8256391838,1.577340198,0.1334967756,1.277592494,0.1175809757,0.1694987979,0.1728323356,1.966517041,1.617600156,-1.118623126,-0.2598704635,1.68601983,-1.505893787,1.838975624,0.6344495178,-1.020595473,-2.221879147,0.05996995785,1.743151542,0.2344997857,0.5542717622,0.4867851936,-0.2457193965,0.3972136269,-0.6277432777,-0.5732114694,-0.9237324252,-0.373979263,-0.3745975,0.1866503039,-0.3455722661,-1.657417631,-1.105503697,-0.2679877719,0.5291396613,-0.2894890565,6.495100184
0.3907769678,-1.538622409,1.189283851,-0.4612533793,-0.8058807078,0.03875673187,0.4507147982,-0.2260069936,0.6600403364,-1.766097662,-0.1000615495,0.8610306234,0.4795592032,-0.2836242157,0.325463418,1.756724086,-1.129331528,0.2619612583,0.1262047763,0.6980137626,-1.141203912,1.601799654,0.8716082453,2.318837139,0.08063448517,-0.6019132953,-1.796829292,-0.472041985,-1.268916768,-2.011179328,-0.866167672,-0.2616093392,-0.1669127706,2.584858757,1.559288195,0.196086285,0.7205739067,-0.3769680284,-0.4137337718,0.4985224574,-0.1113536601,1.601130785,0.7523313337,-1.034834587,-1.490217848,0.1591202405,1.204377888,-1.045476457,-0.9293965034,2.402645769,2.690425036
0.03007718236,-0.3313588791,2.488480472,-0.2937306041,-1.128936354,0.0837229203,-1.248605408,-1.585091729,0.9653592454,-0.5569528268,0.4910819576,-1.107346412,-0.2402482064,-1.229428356,-0.9434616379,1.751436619,0.7505003613,0.6824507808,-0.02057593271,-0.3470734989,-0.02587903451,-0.4298755143,0.516167914,-0.09330515131,0.198339235,2.677434124,-0.002208076053,-1.087074329,1.594171629,-1.030511522,-1.034741922,1.812575186,0.4469932254,-1.00851036,0.1012373441,1.41801978,-0.904103271,0.2166428947,2.445167175,-0.1258019734,-1.667070541,-0.3782402206,-0.2782648074,-0.5183850457,1.753403265,0.2129260214,0.0422850922,0.5617847597,0.160355464,-1.926221678,5.389508421
0.68145643,0.5536638512,0.3949480855,0.7401092228,1.12100973,1.39314297,-1.596462343,-0.7556639368,-1.016686846,-0.454978333,0.3685698838,-1.785440375,0.6690029043,-1.514159178,-0.993586328,-1.219768526,-0.4931622644,0.3211315199,-2.057600408,1.561452049,-0.9652790723,2.163851033,-1.539005976,0.8636508645,0.5695394845,-0.2329803881,-1.431875204,-0.468279739,1.289609821,0.8581569804,0.8602201685,1.492318025,0.4867009815,-0.06186381528,0.8729191441,0.6973655769,1.377717498,0.4776805834,0.6114093041,1.012374832,0.00026772438,-1.084291269,-0.03496574157,0.09945357504,1.127665751,0.6532010045,-0.5004121214,0.2312579455,-0.2981457046,-0.4938485855,-1.138504562
0.8142445361,-1.044521167,1.063870808,-0.3429207664,0.4321700425,-0.3998819071,-0.6623055219,-0.6299631111,0.8451586804,-1.697688507,0.1177883321,-0.6435804296,-0.5069674838,1.823369892,-0.701057701,-0.7371333965,-1.546774122,-1.870154636,-0.2414092287,-0.6853937018,0.6908938021,0.2025515516,-0.9101761955,1.468489751,1.099494752,0.01900253963,0.7835861447,1.712908364,0.3936423603,-0.5470528131,0.1171944419,0.1737006404,0.2775728884,1.145830845,0.3176786835,-1.652064474,-0.8005175286,-1.066527471,0.3545172566,-0.2686228381,0.3526765818,-0.4943667555,-0.7283456789,1.017322611,0.4030020515,-0.2393393155,-1.662912211,-1.28658891,-1.18437403,-0.06118793833,3.015277339
-0.9586064663,1.070035628,0.7424188269,-0.164936706,-0.8517458121,-0.502610318,0.2910732144,0.02103808238,-0.2123224493,1.172923497,-0.349602477,-0.1380482794,0.5539615707,0.270785373,1.080825932,-0.4923216481,-0.7786974694,0.6578637216,0.1274777753,0.7919184461,0.721766256,0.707012117,-0.9750795516,-0.09677450779,-0.539553141,-0.4669659246,0.1233399242,1.515902294,2.08850361,-0.8228571385,-0.04076764556,-0.8049311201,-0.7797987923,-0.2703182653,-1.62174033,0.3595308567,-1.127578674,-0.1748959072,-0.7984626718,0.6794750774,0.8002652413,0.6045387158,-0.06020920287,-1.609530922,-1.059748008,0.4422833577,-0.6100045741,-0.3208343524,0.5140710646,2.112891634,1.79778157
-0.7454513423,0.4316109048,-0.5710369317,-1.126197493,-0.3447999742,-0.2529518443,-0.4359657297,0.5085019285,-0.289641965,-2.062317448,0.5274637345,0.4806465458,-1.435334845,-0.6762406441,-0.4822013623,0.6777548807,-0.2507944819,0.950623911,-0.757662534,0.8521408948,0.001649336174,-0.3711709673,0.8332513565,0.7960680689,0.5753457873,-0.1283383534,1.046601757,1.193734695,-0.3111098112,0.1075106759,-1.516275864,-0.6817746437,0.9735815888,-0.9554385776,0.3339905707,-0.03813018415,1.643576839,0.1394085816,-1.877124321,-0.422662689,0.4223420555,0.6074503259,0.4643603856,1.270401013,0.2526693588,-1.893729783,-0.6395740958,0.2113682522,-0.6842079243,0.3479771322,-0.9710607268
0.2837067581,1.61266625,-0.7055774902,-1.202022763,-1.2547036,-0.4757945912,0.5003618824,-0.1565032198,-0.6892815337,-1.108461512,-0.2352610235,0.6200119046,1.115317731,1.248535784,0.7103036685,0.3040346616,-0.6237071123,0.3111412535,1.483770494,0.1080209877,0.745342794,0.002448888639,0.4736233008,-0.9259839068,-1.280778105,-0.9833967931,-1.947731384,0.8598280575,2.383631596,-0.2086999582,-0.7939435915,0.3557318813,1.594570349,0.09048572691,1.284184741,-0.009525576456,0.2327589282,-1.516355483,0.3496777787,-0.9303757672,-1.047422032,-1.566645971,0.6007325702,2.285334589,-0.7208272442,-0.2696043939,-0.3606026235,0.441126461,0.9834678582,-0.03670772507,-1.23207667
-0.400177316,-1.797364996,0.6327317885,0.07925159764,-1.80775176,-1.17405565,-0.9861810739,-0.445947607,-0.8975700926,0.7776383472,-0.9512604583,-0.5051419632,-1.046541097,0.6908480614,-0.4310525755,0.005318649791,0.5526530681,-0.01027102777,-0.1418695696,0.7520818758,0.3746542944,0.115869385,-0.3848196563,0.1630891262,-0.7191556161,1.495636686,0.2837653439,0.4503232628,-0.6413184012,-0.2231816723,0.6902641642,-1.949178071,-0.2705605961,-0.6417867199,-1.133988036,0.6804087374,-0.7679388488,-1.039412976,1.001142599,-1.878906866,1.033542734,1.066141282,-2.04446787,-0.22797346,0.2868211483,1.017797672,-0.5305574737,-0.165807102,0.7446028316,-0.901742142,1.992844605
0.582120423,1.105097273,-1.048718747,0.2993821682,0.0780147069,-1.05043392,0.1517499205,-0.2576775304,-0.7937718445,-0.3611951,-0.9769834958,0.3981672369,0.4095513675,0.7565495207,0.1003852936,0.2109832857,-0.5590652611,0.6515581698,-0.6249575293,0.564639807,-0.4577562515,-0.774318111,0.3896836677,1.634550948,0.8560488198,-0.4493631844,-1.389524981,-1.502851318,0.2802894764,0.1637845419,-1.930013861,-0.1589151653,1.076990984,-0.02558842358,-0.03236184204,-1.160192118,0.6896240335,-0.7067085623,-0.5703150184,1.146166728,-1.013228281,-0.2025255563,-0.0101038226,0.3851872417,1.537844411,-0.01834015027,0.522123498,-0.09230571281,-1.674066532,1.11233838,-1.342608153
0.7324283906,1.201350759,-1.052063115,0.1419217034,1.90127658,2.204702126,0.0753720365,0.2960884897,-0.9599856993,-0.2058899004,-0.7654582616,1.04576534,-0.4033181158,-0.09136049678,0.7944362109,-0.1320002418,1.039678336,-0.1683738137,0.7487816382,-1.011525984,-0.01713626905,-1.475529079,-0.8628700791,-0.7380647862,1.932905059,-1.058689293,1.938246987,0.6603116532,0.4618817251,-0.7291870265,0.8140601879,1.887158046,0.9789122707,0.3977655408,0.07623597151,0.6907862431,0.1591679033,-0.2072500352,0.8703145998,-0.3314486902,0.8874397747,2.104220415,0.9601989278,-0.4823362717,-0.1870168394,1.060599393,-0.8236691498,1.8683368,-0.1950810487,0.1385802945,-4.774964687
0.4220197913,3.257199075,-0.08746492182,-0.5723287219,-0.4037062446,0.6574706371,1.696378918,-1.017243454,-0.3525384411,-0.219294327,-0.3860692306,1.501047883,0.8856578663,1.416426297,-0.4797427549,-1.096792732,-0.05111589097,-0.7475736013,0.2150459299,1.059701744,-2.186583684,0.7384576928,2.141828013,-1.226001724,0.3214964485,-1.17785095,-0.8729168476,0.1141807821,1.824578055,1.608989492,0.1138223268,1.026807305,-2.765577925,-0.3522078613,-0.2509096899,0.5736104271,-0.7837235119,-0.8851197714,-0.9229376597,0.5695038082,0.3747656522,-0.3664373169,0.9367417536,-0.1409695656,-0.6274435868,-0.6941938225,-2.094080384,0.1642509845,0.6945195944,0.498157594,-0.9911830668
2.661205947,-0.3518154441,-1.289777831,1.787701783,1.565948931,-0.78423513,-0.05897396963,-0.4898664023,0.5411390096,-0.3368725502,0.7700532474,0.9833555602,1.983027453,-0.4123833714,0.7745799451,1.042602071,0.2421927916,1.62305439,0.4427839499,0.143405153,2.127212116,-0.7697505004,1.194751988,-0.7344396872,0.5984597023,0.8170655579,0.95649378,1.452861541,-0.664814608,-1.245981151,0.2125646812,0.3256680928,-0.07875571933,2.495013187,0.1287480785,-1.278049019,-0.7132845664,0.4741371158,-0.09072453646,1.18808764,0.8923405447,0.9222601666,0.8635276213,0.8201884352,-0.1167410947,1.565354348,1.130214807,-0.6958749725,0.4480690587,1.043146521,-1.567288427
1.451351338,0.4793244799,0.8662751218,-1.947279886,-0.2503167312,0.009049898746,-1.01625013,-0.00142796828,-0.260422231,-1.159967196,0.5643689201,-0.6599708433,-0.3894591234,0.9699476124,-0.6454208614,1.400662782,0.471422321,-0.8321395664,-1.451934571,0.08132976882,-0.7320993392,-1.18052646,-1.271277982,-0.5185137458,-0.4757923579,0.1615655808,-1.250990445,-0.5290852784,-0.622759354,-0.7542448954,1.301907327,0.2715569675,2.146665944,0.791703101,0.3709514133,1.255921764,1.171457601,-1.620135353,-0.8039795412,-0.2257488465,0.2854529713,0.2813581333,-1.543394132,0.3775209913,0.4475123345,-0.8992520478,-1.168369714,0.5703353931,-0.442704104,0.849869897,1.569961529
1.012532178,0.3761764489,-1.434140063,-0.890766889,-1.829797891,-0.5093866358,-0.8898497719,1.563535851,0.6449343757,-0.2485948211,-1.220251535,1.80564919,-0.8769004498,-2.015495387,-0.7521490785,-1.440762427,0.8167286806,-1.026642827,0.5123002215,1.505463587,-0.9199545785,-0.1179279609,1.909018012,-0.2679666508,-0.256603563,-0.311473853,-0.7500543319,-0.7937943977,1.045544904,1.240139463,-0.901722806,2.006681658,1.647814875,-0.3089426623,-1.6550682,-1.02182841,-0.2026924118,-0.2417756232,1.718484041,-1.278050319,-0.1145989168,-0.1928658752,0.8220069067,-0.2339018143,-0.2802951875,-0.01890541166,-0.4625890367,0.5502955851,0.5510484081,-0.8705242999,-2.005607885
0.8520286603,0.3288854064,-0.1168619474,0.9782301661,1.285381919,-0.7659424697,-0.360453892,0.1070834872,1.66202867,0.3995432958,0.2360417878,2.00435934,-0.2376355524,0.9785013874,-0.6763375831,0.09707247015,0.9150119088,-0.7164094621,-0.6582132725,-0.1315309148,1.499624129,-1.650991679,-0.5939462089,0.9913133692,-2.195490628,1.891714284,0.1641714096,2.004879892,-0.9478540406,0.8276465583,-0.6511898033,0.2849248354,-0.7397939171,-0.6352736953,-1.716904543,-2.834645715,-0.05596327233,2.363049611,-0.2928281321,-0.4865329925,0.4894930256,-0.6700681308,-0.5144504149,-1.261981383,-0.928649722,1.077702944,-0.8517580047,0.2022623433,-0.3695160679,-0.8691823416,1.39355441
0.3105462358,0.8266013431,-1.22250272,0.3488761622,0.7862149058,-0.3062381671,-0.07976981421,0.004951081544,0.2035794733,-1.127947807,-0.5158492404,0.4135447372,-0.7586897203,-0.08653939005,-0.07271146132,-0.779568878,0.1331043416,1.307693617,-0.7930445975,-0.6155454948,-0.1603951181,-1.207215285,-0.6018526297,-1.483501579,-1.866579838,0.3348965908,0.837454063,1.736839413,-0.1609610272,0.9555656843,-0.294726485,-0.7346027127,0.6450893116,-0.2512987898,0.6584217199,0.2924993342,-0.9759004076,-1.100992226,-1.036009769,-0.6594046414,0.9075277942,-0.1125476914,1.422668374,0.5456016419,-0.1777802046,-0.856275243,-1.964767158,1.084934503,1.304478117,-0.2334345133,-2.020642591
1.748778808,-0.06452763707,-0.02391546711,1.140467305,0.01243540435,-0.454273754,-0.3586670193,-1.718513463,-0.07811126353,-0.0199845392,1.218845474,0.6440087364,-0.7457023216,0.8062657951,0.2931695691,1.56612535,0.9036201897,-0.1036501744,1.043733812,-0.3730545088,-0.959148423,0.2421034859,0.5568540907,1.045523941,-0.0290907361,0.05805529088,0.7251461745,-0.07248527946,1.610346046,-1.485868321,-1.266218446,-0.2757974676,1.108018057,-0.09185970896,-1.354751842,0.776574453,-1.124419167,1.283082881,0.9046283704,1.505365553,1.253993155,1.09528289,0.7156247828,-0.3096064281,-0.1011065741,0.01410758711,0.1978426938,-0.5376260115,-0.730588648,1.419966792,0.3823167176
-1.170955423,1.079887162,2.036081203,-1.01674163,1.390830181,-0.1140083892,1.466123217,-0.561562548,1.295706877,-0.6870621928,-1.307990908,1.769805287,-0.8331624892,-1.270740842,0.03499089772,-0.3137315361,1.191082562,-0.8650475039,-0.4358602682,0.7912645363,-0.719161272,1.034633112,1.075263143,1.98613303,2.100981197,-0.7227960264,-0.7155944777,-0.9132881287,-0.01672843487,-0.1257520872,-0.2166568168,-1.148415161,1.300553229,-1.482302427,-0.5376299269,0.8003466559,0.6272976241,-0.2070086882,0.9518369573,-0.3301447394,1.982033434,1.048395064,-0.7487124156,0.8579858569,-0.2189524567,0.3851613226,1.223584941,-0.8253111303,1.405501845,-0.2666308143,4.898179834
1.094123011,0.4428287722,-0.5512188264,-1.358855644,-1.224185035,0.2972894224,-1.087277017,-0.4945539661,-0.2463963053,-0.6411520512,-0.4470117959,0.6071701085,1.118968212,0.4668209498,0.6452442835,0.5343699761,-0.4386634142,0.1854319612,-1.690495908,0.08108277127,-0.4276301829,1.237544497,-1.857959288,-1.070017897,2.279256226,0.7349469038,1.382798591,-0.7886935703,-1.453806968,0.4824337743,0.1602489329,0.5443034197,1.546659477,0.8543062669,-1.547410546,-0.5101821499,-2.206513213,0.5470083935,-0.4652482071,-1.270793327,0.3594881796,-1.105429018,1.008259719,0.7170967047,2.234641044,-0.7527246847,0.9545151962,-0.4509907434,-1.203866072,1.858242871,-1.534457165
-1.061408441,1.650647844,-0.3554037257,0.7245180385,-0.4269811002,-0.773163936,-0.9003219417,-0.4173453286,0.2460756813,1.401437385,-0.7936544096,0.02848806076,-0.2693745064,-0.0843048153,-1.02306028,-1.380527574,-0.468857157,-0.03225474763,2.404994902,1.498397155,-0.4049967998,-1.29491157,-1.709616764,0.9432952243,1.203859078,2.076780855,-0.2626195398,0.3894064815,-0.3427063374,1.424782003,0.9285856338,-0.7745125996,0.1691067232,-0.9992432929,0.1112186924,-1.41549954,0.1962775445,1.192658972,1.263996227,-1.239152601,0.05108059028,-1.335205959,1.091777501,0.4071323805,-1.134841037,-0.9134674415,0.5592575446,-1.698674482,0.06879474806,0.3618897312,0.2043573398
-0.6599920218,-0.265488326,0.09039338509,0.5778280421,-1.248724305,-0.5618160151,0.8009185055,-2.611063829,0.9804291237,1.337458542,1.896901754,-2.359740795,-0.4591428905,-0.6474848469,1.45126706,0.6673570093,1.024392918,0.7350970643,-1.5239567,0.4200510752,-2.177826132,0.4418989721,0.2012256346,-0.1804121758,0.2385261282,0.7148879838,-0.7816229763,0.3585355445,1.45614732,0.3957362957,0.2306910823,-0.01451050463,-1.297831179,1.428524068,-0.4123819566,0.04024210568,-0.29829167,-0.3555964225,-0.589810528,-0.7042682684,0.9323235558,1.36579037,0.2421192633,-1.155187839,-0.06618076644,2.220554391,0.3123584407,-0.1958811925,-0.8191351249,0.5301862566,1.156117508
-0.239272652,1.284075109,1.086718953,0.5141404266,0.07527301104,0.5387429947,0.3156476147,-0.2337634725,1.329855998,-0.09270346512,-0.5347588523,-1.677662721,-0.2148642304,-1.533700501,0.7627208175,-0.8060799488,-0.9152378597,-2.264389272,0.2761355355,-0.3029168693,0.6999575475,-0.9280056974,1.022881484,0.7385810476,1.639582178,-0.4548851431,1.129208224,-0.8159720107,0.1054949248,-0.2358641382,1.389684927,0.4367776931,1.960425495,0.4001376319,0.1796223783,-0.06510026803,0.2750041507,-0.7158738016,-1.065063207,-0.5302232687,-0.3580017834,-0.5092596516,2.188043582,-0.1745596897,-0.2900098099,1.263977684,0.9073398629,-0.7223670305,0.8610306301,1.020415705,2.342217821
-0.8248599551,-0.1309533464,0.7201031207,0.9125161314,-0.7360326301,1.205222587,0.5542605003,-0.9071315357,-0.2343968147,1.841946296,0.3989378058,-1.885410513,-1.236527366,1.516466863,-0.04905673136,0.1736746336,-1.162699337,1.543860781,-0.1111480608,-0.6000803984,-0.1200088806,3.013727635,0.03256556276,0.3767978515,-1.430451129,-0.6270122668,-1.859279162,0.9588095244,-0.6788482845,-0.4466080719,0.1272876463,0.3653619168,2.062511458,0.02550788686,1.05824695,-0.7119340657,-0.9919234826,-0.7117427662,-0.05701672413,0.2596758998,1.057549944,0.9223909409,-0.5625273432,0.296816179,1.08147597,-1.335324528,-0.6736498928,-1.270667029,0.6087894057,-0.02281806355,0.1042996561
-0.8703903165,0.5098757536,-0.3562067272,0.9869541037,-0.1953675351,0.3307847411,-1.38871606,0.4531401818,-0.3786071144,-1.691771779,-1.811109564,-0.9735728239,0.7836153903,-2.118805812,1.1758754,-0.1739307618,0.2340267253,0.7538783257,-0.791042661,-0.02847899964,-0.1452759357,-0.5890349673,0.8557782097,0.1226487147,0.755723651,0.8597254351,0.400837886,0.7733164614,-1.123837957,-1.309062677,1.452866457,-0.3781829673,0.6514164428,1.097568951,0.3676277817,0.8077034363,-1.213617111,-1.314148842,-1.157523881,-0.6080448237,-2.604759178,-0.4034295896,-1.851956081,0.9965939729,0.4325042445,0.4861388452,-1.937039931,-0.3922972942,1.4547657,-0.7130912223,-1.151728243
0.8577457685,-0.8873977465,-0.1533183106,2.646974271,0.6704378191,1.315586321,-0.04865398979,-1.534632291,-1.452150015,0.8296655013,0.3004282082,1.455502703,-0.4761307726,0.3558794034,-0.6954271963,0.6648478704,-2.082138149,0.03754325601,-0.886857653,-0.1294885594,1.014616571,0.3873408123,0.6268909258,-0.7936744918,-2.671890316,-1.125896841,0.2617416681,-1.169188153,0.3710374235,-1.841743754,-0.1568137447,1.332167822,0.5027092516,-0.8495363952,0.6790911281,-0.1331532209,-0.624051424,1.124853157,0.3798315771,-1.959697454,-0.6410343515,1.542762012,-0.1152494726,1.979882589,0.7535820689,0.9486247752,-1.665301618,-0.4773595478,1.508434745,1.373116183,-2.317513254
0.1962197933,-0.6636469063,-0.897760329,-0.2722581118,-0.1068715639,-0.9806726204,-0.9736053059,0.5667638434,1.267486611,0.4147576377,0.1166769999,1.365957704,-1.201711868,-0.1625928639,-0.3972319117,-0.5237128035,-0.959546428,1.000303088,0.5914339959,-0.2317951709,1.531704958,-1.493934722,-0.1874423724,-0.9364426045,1.676900916,-0.1796562896,0.3117032576,-0.3536025541,1.099225373,0.5479692526,0.4862875858,0.1571453181,0.8592535684,0.5134278109,0.6213235058,-1.427686808,1.22070485,1.091245867,0.6947029026,-0.2807069446,0.04412271105,-1.068686541,-0.4776146568,2.004207837,-0.1128749154,-0.5471607072,0.298398919,-0.1154977731,-1.056782353,0.498437145,-0.1577705191
-0.4246036672,0.06495805702,1.197067208,0.2764625397,1.352928783,0.5483145663,-0.6574128263,-0.7527650711,0.09632863474,-1.023371773,0.4609610541,1.507610911,-0.2093319,-0.1109730504,1.918362796,0.8929245639,0.5772164386,0.9735316932,0.179993081,1.577918688,0.9455324784,-2.344493623,0.7645200646,0.4120228293,-1.507541435,1.14546719,-0.04581566611,-0.5509807186,-2.065343571,-0.0132906448,0.01137794875,0.62777609,0.2508532342,-0.01811734147,-0.7623440419,-0.3082466468,0.5637933944,-1.680646465,-0.5057449387,-0.000779356963,-0.03768638637,0.6802023538,1.820247324,-0.3158173017,-0.2319688496,-0.3900700481,-2.128952018,1.20808524,0.3377492216,0.7085914166,1.804031226
0.03937576276,0.858887019,-0.2286441391,0.709386383,-0.612127384,1.221671277,-1.147612759,0.7066704707,0.2702178912,0.8338179787,-0.255336068,-0.6954961959,-0.5251006744,-0.270850745,-0.1325417001,-0.9459230544,-0.2937894215,-1.842717576,-0.3830777871,-0.176461973,1.956576924,1.587586573,1.229174822,0.7678623613,-0.02970534066,-1.688891611,-0.3322824982,-0.4089966721,-0.7271142211,0.9022002045,-0.2495278604,-0.7823798082,-1.638082114,1.380457232,0.9778405003,-0.04323686692,0.4363658977,-0.09922315108,0.7464109885,0.3377577988,-0.4326271887,-0.6073164947,-1.260889937,-0.3380955056,1.152242535,-1.7691367,0.4657234306,0.4589551407,-0.6081033506,-1.574841861,-1.618734387
-0.6042592766,-0.5991003953,0.5668334501,0.5016503891,-0.2791402506,0.5860086447,-0.8180480802,0.03994623617,1.116164855,-0.3199573212,-0.0758469857,-1.350835011,-0.1880097917,0.4828760626,-0.4746196042,1.459659282,0.6535741645,0.07911893838,0.9494810708,1.232844805,1.248943823,-0.9856329807,-0.6951349153,0.02533856322,-0.7314014319,1.970038101,-1.876675664,0.2028739224,-1.469046306,-1.080129912,1.294697693,-0.1157861192,0.1213517098,0.4736715313,-0.471253244,0.5942526414,0.6080563798,0.01009105629,-0.359768808,0.2148426586,0.9585910348,-0.1546807152,-0.07917941004,-1.327016313,0.877876113,-0.6240735645,0.9290758163,0.5265692699,1.273736392,0.4288755719,1.100268336
-0.8817634618,2.349194448,1.246198688,0.02096000247,-0.6603231564,-1.051381197,1.559036572,-0.2240104588,0.341686837,0.8607964615,0.3219100205,0.5443069849,-0.1175996038,0.7331921753,1.038338672,-0.08624413714,0.3566714895,-0.3296894746,0.2813569501,1.357442536,0.3911475685,-0.3506931867,-0.0485610499,-1.057812242,-0.255753813,1.295154706,1.571709736,-1.727126003,0.7315443708,0.2248905516,-1.682638333,0.4311178677,0.3895842459,0.6557021031,-1.25124493,-0.4761415877,0.43824576,-1.596487839,1.494301557,0.3607319229,-0.4637767298,1.349612324,1.21156603,-0.373617179,-0.9269288617,0.7870640876,2.73063412,0.2543847599,-0.3522229804,-1.10657211,3.681891377
0.7882911216,-1.260394907,0.6344224722,0.5224367769,0.2527511029,-0.2523686477,2.089262416,0.08000222031,1.844409497,0.6243798022,1.374998645,-0.4520724778,0.5231693451,0.06331529563,-0.1933147696,-1.202458925,0.1201735996,2.233572611,1.819109991,-0.1258386697,1.95385,0.1955048944,-0.794087166,-0.05009584183,0.5188711419,0.7702476199,0.2094666547,0.0376524054,0.6326616521,0.1386585213,-1.003809708,-0.1223011131,0.01407368073,-0.441036041,0.4565678322,0.1542337738,-0.6338624561,1.293749147,-0.3764107482,0.2530942832,-0.108910554,-0.7337568369,0.5605358772,0.2478261452,0.7353946995,1.916926288,0.07641646941,-0.1981520253,-2.861616131,0.5379497158,2.416840603
-0.6556666913,-0.7411563143,-0.5656097771,0.4584426552,-0.2685382152,-0.2514479862,-0.3062814949,-0.0271918709,-0.3174453168,-0.7179658508,-1.070173221,0.943053507,0.4867799887,-0.03674221338,-0.6604054703,1.71897457,-0.4037272832,0.6708834943,-1.200951874,1.079773034,0.6970527803,-0.87768188,0.08317571966,-1.026442449,-0.3180991414,-1.282341868,0.190445054,1.014298915,-0.6518784732,-0.3892214502,0.3127626881,-1.781403353,0.1237474165,-0.4742000794,0.0283691527,-2.733097616,-1.076377338,-0.3352718713,0.7572305914,-1.328736112,-1.344423509,-0.3245764005,-0.5249519956,0.2310036139,-0.7799786747,0.05086745973,-1.039179052,0.03952362973,0.8856692816,-0.6042829116,-1.056907666
-0.5109229372,1.386076701,-0.8692014328,-1.088117853,-1.632941402,-0.8694977355,-0.1407743038,-0.4871998149,2.1500237,-0.8444536956,-0.9704194748,-0.1481672234,1.138384008,-0.4762497804,0.1345841549,0.1632505455,-0.456794297,-0.07486047215,-1.203418467,-2.557132569,-0.4700588924,0.8518501611,-0.08097066155,-1.070963671,-0.3073023508,1.258389772,-1.011237127,0.03710579527,0.06885346048,0.8729369305,-0.6644812729,1.149841199,-0.4781895021,0.693247393,1.037814649,1.702137446,1.754629965,-0.9830421773,1.436292624,-1.526116462,-0.5320920263,0.2648215553,-1.323312145,0.06158714177,0.4913783769,0.8686595555,-0.1742312243,1.244595997,0.04867037392,0.8377977224,0.1634053207
1.010884219,1.85022025,-0.101460504,0.5644449423,-0.09514380567,-0.1790032098,-0.8385984021,0.9985084706,-0.946863172,-1.216704085,-0.1634171565,-0.5492202161,2.285514963,0.2607505625,2.205387667,-1.409359209,-0.7160988642,1.355571032,-0.6324730127,-0.6763488175,0.530976505,-0.7010127192,-0.7035167027,0.7734567826,-0.2840093176,0.1385257638,1.146654028,1.245797573,0.8584806848,1.994877874,-0.3633965397,-0.9219305961,1.819288397,0.3799668126,-0.2639474784,-2.130749443,1.06221233,0.8500254322,-0.7221210071,0.3980824571,0.9285291674,-1.333916157,0.7538356537,0.223816854,-0.9053944099,-0.3993282002,-0.410941117,-0.6933997736,-0.3503825653,-1.889835418,-0.4538433852
